"","ID","FATHER","MOTHER"
"1","Baboon_196","Baboon_10","Baboon_209"
"2","Baboon_1645","Baboon_11","Baboon_320"
"3","Baboon_283","Baboon_14","Baboon_298"
"4","Baboon_235","Baboon_14","Baboon_227"
"5","Baboon_240","Baboon_14","Baboon_227"
"6","Baboon_560","Baboon_14","Baboon_520"
"7","Baboon_311","Baboon_14","Baboon_298"
"8","Baboon_1884","Baboon_14","Baboon_253"
"9","Baboon_309","Baboon_14","Baboon_272"
"10","Baboon_279","Baboon_14","Baboon_258"
"11","Baboon_1283","Baboon_14","Baboon_526"
"12","Baboon_1095","Baboon_16","Baboon_71"
"13","Baboon_293","Baboon_17","Baboon_271"
"14","Baboon_229","Baboon_17","Baboon_227"
"15","Baboon_558","Baboon_17","Baboon_520"
"16","Baboon_507","Baboon_17","Baboon_492"
"17","Baboon_4","Baboon_17","Baboon_1442"
"18","Baboon_498","Baboon_17","Baboon_494"
"19","Baboon_567","Baboon_17","Baboon_513"
"20","Baboon_342","Baboon_1455","Baboon_363"
"21","Baboon_201","Baboon_1455","Baboon_186"
"22","Baboon_206","Baboon_1455","Baboon_1225"
"23","Baboon_364","Baboon_1455","Baboon_363"
"24","Baboon_1101","Baboon_1455","Baboon_102"
"25","Baboon_150","Baboon_1455","Baboon_144"
"26","Baboon_449","Baboon_1455","Baboon_445"
"27","Baboon_56","Baboon_1455","Baboon_2009"
"28","Baboon_108","Baboon_1455","Baboon_102"
"29","Baboon_1806","Baboon_1455","Baboon_1545"
"30","Baboon_192","Baboon_1455","Baboon_187"
"31","Baboon_1627","Baboon_1455","Baboon_1545"
"32","Baboon_1681","Baboon_18","Baboon_503"
"33","Baboon_315","Baboon_20","Baboon_313"
"34","Baboon_341","Baboon_20","Baboon_333"
"35","Baboon_517","Baboon_20","Baboon_550"
"36","Baboon_1468","Baboon_20","Baboon_334"
"37","Baboon_564","Baboon_20","Baboon_538"
"38","Baboon_265","Baboon_20","Baboon_245"
"39","Baboon_261","Baboon_25","Baboon_309"
"40","Baboon_163","Baboon_26","Baboon_201"
"41","Baboon_523","Baboon_26","Baboon_518"
"42","Baboon_1525","Baboon_29","Baboon_48"
"43","Baboon_34","Baboon_29","Baboon_200"
"44","Baboon_1800","Baboon_29","Baboon_81"
"45","Baboon_1514","Baboon_29","Baboon_450"
"46","Baboon_172","Baboon_29","Baboon_199"
"47","Baboon_94","Baboon_29","Baboon_99"
"48","Baboon_68","Baboon_29","Baboon_51"
"49","Baboon_169","Baboon_29","Baboon_199"
"50","Baboon_453","Baboon_29","Baboon_448"
"51","Baboon_1242","Baboon_29","Baboon_200"
"52","Baboon_170","Baboon_29","Baboon_201"
"53","Baboon_92","Baboon_29","Baboon_107"
"54","Baboon_198","Baboon_29","Baboon_206"
"55","Baboon_189","Baboon_29","Baboon_206"
"56","Baboon_292","Baboon_33","Baboon_298"
"57","Baboon_259","Baboon_33","Baboon_258"
"58","Baboon_519","Baboon_33","Baboon_520"
"59","Baboon_87","Baboon_36","Baboon_99"
"60","Baboon_433","Baboon_36","Baboon_439"
"61","Baboon_1282","Baboon_38","Baboon_94"
"62","Baboon_1195","Baboon_42","Baboon_539"
"63","Baboon_1776","Baboon_42","Baboon_285"
"64","Baboon_173","Baboon_42","Baboon_201"
"65","Baboon_1054","Baboon_46","Baboon_300"
"66","Baboon_1255","Baboon_46","Baboon_109"
"67","Baboon_461","Baboon_46","Baboon_258"
"68","Baboon_476","Baboon_46","Baboon_305"
"69","Baboon_1421","Baboon_46","Baboon_544"
"70","Baboon_1046","Baboon_46","Baboon_24"
"71","Baboon_1784","Baboon_46","Baboon_305"
"72","Baboon_460","Baboon_46","Baboon_307"
"73","Baboon_541","Baboon_1860","Baboon_525"
"74","Baboon_327","Baboon_1860","Baboon_328"
"75","Baboon_511","Baboon_1860","Baboon_518"
"76","Baboon_275","Baboon_1860","Baboon_245"
"77","Baboon_1925","Baboon_1860","Baboon_1594"
"78","Baboon_347","Baboon_1860","Baboon_1591"
"79","Baboon_285","Baboon_1860","Baboon_1268"
"80","Baboon_543","Baboon_1860","Baboon_518"
"81","Baboon_1036","Baboon_1860","Baboon_1594"
"82","Baboon_1809","Baboon_64","Baboon_106"
"83","Baboon_104","Baboon_64","Baboon_87"
"84","Baboon_1006","Baboon_64","Baboon_150"
"85","Baboon_1819","Baboon_64","Baboon_204"
"86","Baboon_2106","Baboon_64","Baboon_32"
"87","Baboon_168","Baboon_64","Baboon_181"
"88","Baboon_1591","Baboon_1700","Baboon_346"
"89","Baboon_252","Baboon_1700","Baboon_2119"
"90","Baboon_1508","Baboon_1700","Baboon_1566"
"91","Baboon_2116","Baboon_74","Baboon_354"
"92","Baboon_472","Baboon_74","Baboon_258"
"93","Baboon_1124","Baboon_74","Baboon_540"
"94","Baboon_467","Baboon_74","Baboon_301"
"95","Baboon_274","Baboon_74","Baboon_311"
"96","Baboon_1066","Baboon_78","Baboon_534"
"97","Baboon_303","Baboon_79","Baboon_253"
"98","Baboon_549","Baboon_79","Baboon_526"
"99","Baboon_1859","Baboon_79","Baboon_272"
"100","Baboon_289","Baboon_79","Baboon_258"
"101","Baboon_548","Baboon_79","Baboon_520"
"102","Baboon_521","Baboon_79","Baboon_513"
"103","Baboon_280","Baboon_1732","Baboon_272"
"104","Baboon_2056","Baboon_1732","Baboon_1665"
"105","Baboon_62","Baboon_85","Baboon_61"
"106","Baboon_77","Baboon_85","Baboon_107"
"107","Baboon_72","Baboon_85","Baboon_51"
"108","Baboon_442","Baboon_85","Baboon_445"
"109","Baboon_181","Baboon_85","Baboon_201"
"110","Baboon_1348","Baboon_85","Baboon_150"
"111","Baboon_1470","Baboon_1562","Baboon_1268"
"112","Baboon_1466","Baboon_1562","Baboon_1875"
"113","Baboon_406","Baboon_1562","Baboon_407"
"114","Baboon_1499","Baboon_1661","Baboon_1396"
"115","Baboon_439","Baboon_1459","Baboon_451"
"116","Baboon_1030","Baboon_1459","Baboon_178"
"117","Baboon_400","Baboon_101","Baboon_403"
"118","Baboon_224","Baboon_101","Baboon_238"
"119","Baboon_237","Baboon_101","Baboon_235"
"120","Baboon_302","Baboon_101","Baboon_309"
"121","Baboon_234","Baboon_101","Baboon_238"
"122","Baboon_601","Baboon_101","Baboon_277"
"123","Baboon_524","Baboon_101","Baboon_534"
"124","Baboon_55","Baboon_112","Baboon_51"
"125","Baboon_71","Baboon_112","Baboon_58"
"126","Baboon_151","Baboon_112","Baboon_150"
"127","Baboon_356","Baboon_112","Baboon_342"
"128","Baboon_435","Baboon_112","Baboon_450"
"129","Baboon_146","Baboon_2050","Baboon_144"
"130","Baboon_107","Baboon_2050","Baboon_99"
"131","Baboon_2","Baboon_2050","Baboon_1442"
"132","Baboon_185","Baboon_2050","Baboon_2041"
"133","Baboon_382","Baboon_2050","Baboon_378"
"134","Baboon_450","Baboon_2050","Baboon_445"
"135","Baboon_61","Baboon_2050","Baboon_58"
"136","Baboon_51","Baboon_2050","Baboon_58"
"137","Baboon_335","Baboon_2050","Baboon_1205"
"138","Baboon_1166","Baboon_119","Baboon_352"
"139","Baboon_152","Baboon_1935","Baboon_1545"
"140","Baboon_1140","Baboon_1935","Baboon_1198"
"141","Baboon_2084","Baboon_1935","Baboon_363"
"142","Baboon_140","Baboon_1935","Baboon_1545"
"143","Baboon_361","Baboon_1935","Baboon_1205"
"144","Baboon_437","Baboon_1935","Baboon_445"
"145","Baboon_200","Baboon_1935","Baboon_1225"
"146","Baboon_191","Baboon_1935","Baboon_186"
"147","Baboon_546","Baboon_124","Baboon_534"
"148","Baboon_281","Baboon_124","Baboon_253"
"149","Baboon_602","Baboon_124","Baboon_277"
"150","Baboon_167","Baboon_124","Baboon_540"
"151","Baboon_165","Baboon_124","Baboon_526"
"152","Baboon_35","Baboon_124","Baboon_567"
"153","Baboon_294","Baboon_124","Baboon_311"
"154","Baboon_44","Baboon_124","Baboon_544"
"155","Baboon_432","Baboon_134","Baboon_439"
"156","Baboon_59","Baboon_134","Baboon_62"
"157","Baboon_1254","Baboon_138","Baboon_200"
"158","Baboon_291","Baboon_138","Baboon_275"
"159","Baboon_324","Baboon_138","Baboon_178"
"160","Baboon_513","Baboon_2093","Baboon_1682"
"161","Baboon_544","Baboon_1203","Baboon_513"
"162","Baboon_282","Baboon_1203","Baboon_1875"
"163","Baboon_257","Baboon_1203","Baboon_272"
"164","Baboon_1660","Baboon_1203","Baboon_346"
"165","Baboon_340","Baboon_1306","Baboon_346"
"166","Baboon_1462","Baboon_1306","Baboon_1591"
"167","Baboon_539","Baboon_1306","Baboon_525"
"168","Baboon_1286","Baboon_1306","Baboon_252"
"169","Baboon_313","Baboon_1306","Baboon_328"
"170","Baboon_426","Baboon_153","Baboon_417"
"171","Baboon_123","Baboon_153","Baboon_136"
"172","Baboon_1943","Baboon_153","Baboon_481"
"173","Baboon_1177","Baboon_153","Baboon_89"
"174","Baboon_1858","Baboon_153","Baboon_481"
"175","Baboon_416","Baboon_153","Baboon_481"
"176","Baboon_414","Baboon_153","Baboon_417"
"177","Baboon_1141","Baboon_156","Baboon_263"
"178","Baboon_2033","Baboon_156","Baboon_395"
"179","Baboon_1805","Baboon_156","Baboon_519"
"180","Baboon_214","Baboon_157","Baboon_498"
"181","Baboon_114","Baboon_157","Baboon_492"
"182","Baboon_586","Baboon_157","Baboon_499"
"183","Baboon_427","Baboon_157","Baboon_481"
"184","Baboon_1152","Baboon_157","Baboon_498"
"185","Baboon_98","Baboon_157","Baboon_105"
"186","Baboon_216","Baboon_157","Baboon_498"
"187","Baboon_579","Baboon_157","Baboon_499"
"188","Baboon_1924","Baboon_157","Baboon_479"
"189","Baboon_2065","Baboon_157","Baboon_105"
"190","Baboon_83","Baboon_157","Baboon_105"
"191","Baboon_423","Baboon_157","Baboon_481"
"192","Baboon_1173","Baboon_157","Baboon_125"
"193","Baboon_584","Baboon_157","Baboon_570"
"194","Baboon_425","Baboon_157","Baboon_430"
"195","Baboon_137","Baboon_157","Baboon_492"
"196","Baboon_115","Baboon_157","Baboon_507"
"197","Baboon_69","Baboon_158","Baboon_58"
"198","Baboon_143","Baboon_158","Baboon_140"
"199","Baboon_182","Baboon_158","Baboon_186"
"200","Baboon_448","Baboon_158","Baboon_445"
"201","Baboon_188","Baboon_158","Baboon_186"
"202","Baboon_1912","Baboon_1172","Baboon_1520"
"203","Baboon_97","Baboon_1172","Baboon_95"
"204","Baboon_499","Baboon_1172","Baboon_1585"
"205","Baboon_2001","Baboon_1172","Baboon_1520"
"206","Baboon_1390","Baboon_164","Baboon_169"
"207","Baboon_190","Baboon_166","Baboon_206"
"208","Baboon_1097","Baboon_166","Baboon_180"
"209","Baboon_2043","Baboon_166","Baboon_342"
"210","Baboon_52","Baboon_166","Baboon_61"
"211","Baboon_1879","Baboon_174","Baboon_349"
"212","Baboon_422","Baboon_175","Baboon_506"
"213","Baboon_128","Baboon_175","Baboon_136"
"214","Baboon_509","Baboon_175","Baboon_503"
"215","Baboon_244","Baboon_179","Baboon_249"
"216","Baboon_1232","Baboon_1270","Baboon_2119"
"217","Baboon_1961","Baboon_208","Baboon_51"
"218","Baboon_354","Baboon_211","Baboon_349"
"219","Baboon_249","Baboon_211","Baboon_245"
"220","Baboon_351","Baboon_211","Baboon_349"
"221","Baboon_556","Baboon_212","Baboon_512"
"222","Baboon_75","Baboon_212","Baboon_99"
"223","Baboon_563","Baboon_213","Baboon_512"
"224","Baboon_374","Baboon_1923","Baboon_378"
"225","Baboon_388","Baboon_1923","Baboon_1520"
"226","Baboon_482","Baboon_1923","Baboon_505"
"227","Baboon_494","Baboon_1923","Baboon_1585"
"228","Baboon_178","Baboon_1923","Baboon_1297"
"229","Baboon_1349","Baboon_1923","Baboon_95"
"230","Baboon_2068","Baboon_1923","Baboon_502"
"231","Baboon_1442","Baboon_1923","Baboon_1893"
"232","Baboon_1412","Baboon_218","Baboon_280"
"233","Baboon_396","Baboon_218","Baboon_395"
"234","Baboon_596","Baboon_218","Baboon_277"
"235","Baboon_260","Baboon_218","Baboon_258"
"236","Baboon_515","Baboon_218","Baboon_526"
"237","Baboon_45","Baboon_218","Baboon_544"
"238","Baboon_39","Baboon_218","Baboon_567"
"239","Baboon_527","Baboon_218","Baboon_540"
"240","Baboon_295","Baboon_1356","Baboon_1268"
"241","Baboon_331","Baboon_1356","Baboon_346"
"242","Baboon_254","Baboon_1356","Baboon_252"
"243","Baboon_529","Baboon_1356","Baboon_525"
"244","Baboon_1926","Baboon_1356","Baboon_1042"
"245","Baboon_1630","Baboon_1356","Baboon_520"
"246","Baboon_148","Baboon_223","Baboon_143"
"247","Baboon_67","Baboon_223","Baboon_48"
"248","Baboon_362","Baboon_223","Baboon_361"
"249","Baboon_54","Baboon_223","Baboon_61"
"250","Baboon_65","Baboon_223","Baboon_48"
"251","Baboon_287","Baboon_225","Baboon_285"
"252","Baboon_238","Baboon_1056","Baboon_227"
"253","Baboon_512","Baboon_1056","Baboon_525"
"254","Baboon_245","Baboon_1056","Baboon_252"
"255","Baboon_518","Baboon_1056","Baboon_525"
"256","Baboon_333","Baboon_1056","Baboon_346"
"257","Baboon_366","Baboon_1056","Baboon_1594"
"258","Baboon_417","Baboon_228","Baboon_506"
"259","Baboon_572","Baboon_228","Baboon_499"
"260","Baboon_81","Baboon_228","Baboon_107"
"261","Baboon_588","Baboon_228","Baboon_479"
"262","Baboon_149","Baboon_228","Baboon_143"
"263","Baboon_428","Baboon_228","Baboon_506"
"264","Baboon_180","Baboon_230","Baboon_206"
"265","Baboon_357","Baboon_232","Baboon_333"
"266","Baboon_1829","Baboon_240","Baboon_413"
"267","Baboon_1034","Baboon_240","Baboon_136"
"268","Baboon_1185","Baboon_240","Baboon_425"
"269","Baboon_215","Baboon_240","Baboon_498"
"270","Baboon_573","Baboon_240","Baboon_499"
"271","Baboon_1473","Baboon_240","Baboon_216"
"272","Baboon_1714","Baboon_241","Baboon_328"
"273","Baboon_1561","Baboon_241","Baboon_539"
"274","Baboon_273","Baboon_241","Baboon_245"
"275","Baboon_565","Baboon_241","Baboon_512"
"276","Baboon_330","Baboon_241","Baboon_333"
"277","Baboon_2063","Baboon_241","Baboon_518"
"278","Baboon_350","Baboon_241","Baboon_331"
"279","Baboon_369","Baboon_257","Baboon_374"
"280","Baboon_545","Baboon_257","Baboon_538"
"281","Baboon_319","Baboon_257","Baboon_313"
"282","Baboon_28","Baboon_259","Baboon_4"
"283","Baboon_13","Baboon_259","Baboon_4"
"284","Baboon_468","Baboon_270","Baboon_494"
"285","Baboon_117","Baboon_270","Baboon_492"
"286","Baboon_574","Baboon_270","Baboon_479"
"287","Baboon_493","Baboon_270","Baboon_502"
"288","Baboon_89","Baboon_270","Baboon_97"
"289","Baboon_122","Baboon_270","Baboon_500"
"290","Baboon_413","Baboon_270","Baboon_505"
"291","Baboon_430","Baboon_270","Baboon_505"
"292","Baboon_1843","Baboon_270","Baboon_507"
"293","Baboon_471","Baboon_270","Baboon_494"
"294","Baboon_90","Baboon_270","Baboon_105"
"295","Baboon_1115","Baboon_270","Baboon_502"
"296","Baboon_1257","Baboon_1470","Baboon_500"
"297","Baboon_268","Baboon_1470","Baboon_252"
"298","Baboon_1745","Baboon_279","Baboon_390"
"299","Baboon_217","Baboon_279","Baboon_379"
"300","Baboon_131","Baboon_279","Baboon_113"
"301","Baboon_129","Baboon_279","Baboon_113"
"302","Baboon_141","Baboon_279","Baboon_150"
"303","Baboon_76","Baboon_279","Baboon_103"
"304","Baboon_381","Baboon_279","Baboon_382"
"305","Baboon_136","Baboon_282","Baboon_492"
"306","Baboon_585","Baboon_282","Baboon_499"
"307","Baboon_570","Baboon_282","Baboon_479"
"308","Baboon_125","Baboon_282","Baboon_492"
"309","Baboon_587","Baboon_282","Baboon_583"
"310","Baboon_490","Baboon_282","Baboon_495"
"311","Baboon_88","Baboon_283","Baboon_89"
"312","Baboon_484","Baboon_283","Baboon_503"
"313","Baboon_462","Baboon_283","Baboon_494"
"314","Baboon_1341","Baboon_283","Baboon_494"
"315","Baboon_504","Baboon_283","Baboon_503"
"316","Baboon_420","Baboon_283","Baboon_430"
"317","Baboon_419","Baboon_283","Baboon_506"
"318","Baboon_1332","Baboon_289","Baboon_498"
"319","Baboon_1931","Baboon_289","Baboon_427"
"320","Baboon_1790","Baboon_289","Baboon_114"
"321","Baboon_1502","Baboon_289","Baboon_503"
"322","Baboon_1276","Baboon_289","Baboon_430"
"323","Baboon_1128","Baboon_289","Baboon_88"
"324","Baboon_91","Baboon_296","Baboon_103"
"325","Baboon_161","Baboon_303","Baboon_561"
"326","Baboon_583","Baboon_321","Baboon_499"
"327","Baboon_497","Baboon_321","Baboon_1585"
"328","Baboon_485","Baboon_321","Baboon_505"
"329","Baboon_266","Baboon_325","Baboon_285"
"330","Baboon_355","Baboon_325","Baboon_349"
"331","Baboon_1927","Baboon_1857","Baboon_1836"
"332","Baboon_1686","Baboon_1857","Baboon_1366"
"333","Baboon_18","Baboon_1857","Baboon_1603"
"334","Baboon_1735","Baboon_1857","Baboon_1499"
"335","Baboon_286","Baboon_329","Baboon_277"
"336","Baboon_402","Baboon_335","Baboon_393"
"337","Baboon_3","Baboon_335","Baboon_2"
"338","Baboon_457","Baboon_335","Baboon_290"
"339","Baboon_253","Baboon_1439","Baboon_1112"
"340","Baboon_520","Baboon_1439","Baboon_1682"
"341","Baboon_1762","Baboon_1439","Baboon_1682"
"342","Baboon_1712","Baboon_1634","Baboon_58"
"343","Baboon_99","Baboon_1634","Baboon_102"
"344","Baboon_144","Baboon_1634","Baboon_1545"
"345","Baboon_451","Baboon_1634","Baboon_1261"
"346","Baboon_210","Baboon_1634","Baboon_2041"
"347","Baboon_501","Baboon_1236","Baboon_1585"
"348","Baboon_1836","Baboon_1445","Baboon_1607"
"349","Baboon_246","Baboon_343","Baboon_250"
"350","Baboon_568","Baboon_343","Baboon_539"
"351","Baboon_310","Baboon_343","Baboon_245"
"352","Baboon_552","Baboon_343","Baboon_518"
"353","Baboon_135","Baboon_347","Baboon_136"
"354","Baboon_480","Baboon_347","Baboon_495"
"355","Baboon_199","Baboon_348","Baboon_186"
"356","Baboon_187","Baboon_1759","Baboon_2041"
"357","Baboon_179","Baboon_1759","Baboon_2041"
"358","Baboon_1830","Baboon_1266","Baboon_1196"
"359","Baboon_1515","Baboon_1151","Baboon_1248"
"360","Baboon_1366","Baboon_1151","Baboon_1396"
"361","Baboon_1317","Baboon_1151","Baboon_1343"
"362","Baboon_2129","Baboon_1151","Baboon_1565"
"363","Baboon_1666","Baboon_1151","Baboon_1396"
"364","Baboon_1751","Baboon_1151","Baboon_1598"
"365","Baboon_100","Baboon_366","Baboon_99"
"366","Baboon_446","Baboon_366","Baboon_451"
"367","Baboon_1625","Baboon_366","Baboon_445"
"368","Baboon_139","Baboon_366","Baboon_140"
"369","Baboon_1948","Baboon_370","Baboon_48"
"370","Baboon_411","Baboon_376","Baboon_506"
"371","Baboon_120","Baboon_376","Baboon_507"
"372","Baboon_1606","Baboon_376","Baboon_494"
"373","Baboon_1165","Baboon_376","Baboon_277"
"374","Baboon_496","Baboon_385","Baboon_492"
"375","Baboon_495","Baboon_385","Baboon_502"
"376","Baboon_562","Baboon_387","Baboon_519"
"377","Baboon_598","Baboon_387","Baboon_286"
"378","Baboon_262","Baboon_387","Baboon_308"
"379","Baboon_63","Baboon_387","Baboon_61"
"380","Baboon_431","Baboon_387","Baboon_450"
"381","Baboon_263","Baboon_2001","Baboon_253"
"382","Baboon_300","Baboon_2001","Baboon_271"
"383","Baboon_84","Baboon_389","Baboon_106"
"384","Baboon_554","Baboon_389","Baboon_518"
"385","Baboon_542","Baboon_389","Baboon_550"
"386","Baboon_1695","Baboon_1633","Baboon_1721"
"387","Baboon_328","Baboon_1633","Baboon_1861"
"388","Baboon_228","Baboon_1633","Baboon_227"
"389","Baboon_258","Baboon_1633","Baboon_272"
"390","Baboon_349","Baboon_1633","Baboon_1591"
"391","Baboon_1988","Baboon_1437","Baboon_97"
"392","Baboon_74","Baboon_1437","Baboon_97"
"393","Baboon_101","Baboon_1437","Baboon_97"
"394","Baboon_1521","Baboon_1437","Baboon_499"
"395","Baboon_508","Baboon_1437","Baboon_1585"
"396","Baboon_124","Baboon_1437","Baboon_113"
"397","Baboon_80","Baboon_401","Baboon_99"
"398","Baboon_48","Baboon_401","Baboon_58"
"399","Baboon_256","Baboon_401","Baboon_252"
"400","Baboon_209","Baboon_401","Baboon_1225"
"401","Baboon_270","Baboon_1749","Baboon_1112"
"402","Baboon_271","Baboon_1749","Baboon_272"
"403","Baboon_536","Baboon_1749","Baboon_526"
"404","Baboon_329","Baboon_1749","Baboon_1978"
"405","Baboon_405","Baboon_1749","Baboon_407"
"406","Baboon_109","Baboon_406","Baboon_113"
"407","Baboon_1307","Baboon_406","Baboon_388"
"408","Baboon_380","Baboon_406","Baboon_374"
"409","Baboon_379","Baboon_406","Baboon_388"
"410","Baboon_9","Baboon_406","Baboon_1442"
"411","Baboon_372","Baboon_406","Baboon_378"
"412","Baboon_391","Baboon_406","Baboon_378"
"413","Baboon_11","Baboon_406","Baboon_4"
"414","Baboon_116","Baboon_406","Baboon_113"
"415","Baboon_121","Baboon_406","Baboon_113"
"416","Baboon_78","Baboon_406","Baboon_103"
"417","Baboon_384","Baboon_406","Baboon_368"
"418","Baboon_383","Baboon_406","Baboon_388"
"419","Baboon_375","Baboon_406","Baboon_378"
"420","Baboon_390","Baboon_406","Baboon_374"
"421","Baboon_373","Baboon_406","Baboon_374"
"422","Baboon_96","Baboon_406","Baboon_103"
"423","Baboon_386","Baboon_406","Baboon_388"
"424","Baboon_575","Baboon_410","Baboon_479"
"425","Baboon_205","Baboon_410","Baboon_180"
"426","Baboon_580","Baboon_410","Baboon_499"
"427","Baboon_1786","Baboon_410","Baboon_503"
"428","Baboon_1936","Baboon_1619","Baboon_1607"
"429","Baboon_1051","Baboon_1619","Baboon_1607"
"430","Baboon_1603","Baboon_1619","Baboon_1565"
"431","Baboon_1138","Baboon_1619","Baboon_1395"
"432","Baboon_1815","Baboon_1619","Baboon_1716"
"433","Baboon_2101","Baboon_1619","Baboon_1483"
"434","Baboon_1789","Baboon_1619","Baboon_1836"
"435","Baboon_1522","Baboon_1619","Baboon_1836"
"436","Baboon_1119","Baboon_1619","Baboon_1483"
"437","Baboon_1671","Baboon_1619","Baboon_1716"
"438","Baboon_1196","Baboon_1619","Baboon_1343"
"439","Baboon_1982","Baboon_1619","Baboon_1396"
"440","Baboon_1597","Baboon_1619","Baboon_1483"
"441","Baboon_2067","Baboon_1619","Baboon_1396"
"442","Baboon_1423","Baboon_1619","Baboon_1607"
"443","Baboon_1528","Baboon_1619","Baboon_1343"
"444","Baboon_2126","Baboon_1619","Baboon_1483"
"445","Baboon_1558","Baboon_1619","Baboon_1483"
"446","Baboon_267","Baboon_412","Baboon_249"
"447","Baboon_332","Baboon_412","Baboon_349"
"448","Baboon_514","Baboon_412","Baboon_512"
"449","Baboon_336","Baboon_412","Baboon_354"
"450","Baboon_344","Baboon_412","Baboon_334"
"451","Baboon_251","Baboon_412","Baboon_245"
"452","Baboon_338","Baboon_412","Baboon_349"
"453","Baboon_264","Baboon_412","Baboon_275"
"454","Baboon_304","Baboon_412","Baboon_285"
"455","Baboon_532","Baboon_412","Baboon_512"
"456","Baboon_317","Baboon_412","Baboon_320"
"457","Baboon_1007","Baboon_412","Baboon_512"
"458","Baboon_269","Baboon_412","Baboon_249"
"459","Baboon_142","Baboon_415","Baboon_140"
"460","Baboon_204","Baboon_415","Baboon_209"
"461","Baboon_43","Baboon_415","Baboon_200"
"462","Baboon_176","Baboon_415","Baboon_209"
"463","Baboon_183","Baboon_415","Baboon_187"
"464","Baboon_32","Baboon_415","Baboon_200"
"465","Baboon_197","Baboon_415","Baboon_209"
"466","Baboon_42","Baboon_415","Baboon_200"
"467","Baboon_106","Baboon_415","Baboon_102"
"468","Baboon_202","Baboon_415","Baboon_206"
"469","Baboon_193","Baboon_421","Baboon_209"
"470","Baboon_207","Baboon_421","Baboon_204"
"471","Baboon_358","Baboon_421","Baboon_342"
"472","Baboon_301","Baboon_424","Baboon_258"
"473","Baboon_248","Baboon_424","Baboon_272"
"474","Baboon_403","Baboon_424","Baboon_407"
"475","Baboon_290","Baboon_424","Baboon_258"
"476","Baboon_393","Baboon_424","Baboon_407"
"477","Baboon_534","Baboon_424","Baboon_520"
"478","Baboon_535","Baboon_424","Baboon_513"
"479","Baboon_528","Baboon_424","Baboon_513"
"480","Baboon_395","Baboon_424","Baboon_407"
"481","Baboon_1179","Baboon_424","Baboon_227"
"482","Baboon_296","Baboon_424","Baboon_253"
"483","Baboon_277","Baboon_424","Baboon_272"
"484","Baboon_397","Baboon_424","Baboon_407"
"485","Baboon_540","Baboon_424","Baboon_526"
"486","Baboon_2090","Baboon_424","Baboon_298"
"487","Baboon_1223","Baboon_424","Baboon_526"
"488","Baboon_2094","Baboon_424","Baboon_526"
"489","Baboon_553","Baboon_424","Baboon_526"
"490","Baboon_531","Baboon_424","Baboon_526"
"491","Baboon_404","Baboon_424","Baboon_407"
"492","Baboon_1802","Baboon_1658","Baboon_388"
"493","Baboon_481","Baboon_1658","Baboon_505"
"494","Baboon_1021","Baboon_2034","Baboon_1665"
"495","Baboon_255","Baboon_2034","Baboon_2119"
"496","Baboon_1994","Baboon_2034","Baboon_226"
"497","Baboon_1506","Baboon_436","Baboon_538"
"498","Baboon_247","Baboon_438","Baboon_285"
"499","Baboon_1724","Baboon_438","Baboon_186"
"500","Baboon_365","Baboon_440","Baboon_354"
"501","Baboon_276","Baboon_440","Baboon_285"
"502","Baboon_1443","Baboon_441","Baboon_430"
"503","Baboon_1970","Baboon_441","Baboon_307"
"504","Baboon_110","Baboon_441","Baboon_111"
"505","Baboon_577","Baboon_441","Baboon_587"
"506","Baboon_510","Baboon_441","Baboon_495"
"507","Baboon_1441","Baboon_441","Baboon_493"
"508","Baboon_399","Baboon_447","Baboon_403"
"509","Baboon_443","Baboon_455","Baboon_445"
"510","Baboon_1365","Baboon_455","Baboon_102"
"511","Baboon_1334","Baboon_455","Baboon_178"
"512","Baboon_441","Baboon_458","Baboon_450"
"513","Baboon_195","Baboon_458","Baboon_201"
"514","Baboon_436","Baboon_458","Baboon_450"
"515","Baboon_64","Baboon_458","Baboon_61"
"516","Baboon_66","Baboon_458","Baboon_51"
"517","Baboon_184","Baboon_459","Baboon_180"
"518","Baboon_323","Baboon_459","Baboon_324"
"519","Baboon_203","Baboon_459","Baboon_206"
"520","Baboon_434","Baboon_459","Baboon_439"
"521","Baboon_171","Baboon_459","Baboon_188"
"522","Baboon_162","Baboon_459","Baboon_199"
"523","Baboon_130","Baboon_464","Baboon_109"
"524","Baboon_21","Baboon_464","Baboon_4"
"525","Baboon_6","Baboon_464","Baboon_4"
"526","Baboon_219","Baboon_464","Baboon_367"
"527","Baboon_5","Baboon_464","Baboon_4"
"528","Baboon_57","Baboon_465","Baboon_61"
"529","Baboon_250","Baboon_466","Baboon_245"
"530","Baboon_533","Baboon_469","Baboon_539"
"531","Baboon_337","Baboon_469","Baboon_333"
"532","Baboon_360","Baboon_469","Baboon_333"
"533","Baboon_278","Baboon_469","Baboon_245"
"534","Baboon_352","Baboon_469","Baboon_354"
"535","Baboon_312","Baboon_469","Baboon_313"
"536","Baboon_547","Baboon_469","Baboon_539"
"537","Baboon_1768","Baboon_470","Baboon_523"
"538","Baboon_1640","Baboon_1702","Baboon_1716"
"539","Baboon_1324","Baboon_1702","Baboon_1607"
"540","Baboon_1513","Baboon_1702","Baboon_1343"
"541","Baboon_2133","Baboon_473","Baboon_512"
"542","Baboon_1467","Baboon_473","Baboon_247"
"543","Baboon_487","Baboon_2013","Baboon_502"
"544","Baboon_368","Baboon_2013","Baboon_2096"
"545","Baboon_479","Baboon_2013","Baboon_499"
"546","Baboon_483","Baboon_2013","Baboon_499"
"547","Baboon_79","Baboon_2013","Baboon_97"
"548","Baboon_500","Baboon_2013","Baboon_492"
"549","Baboon_377","Baboon_2013","Baboon_378"
"550","Baboon_103","Baboon_2013","Baboon_95"
"551","Baboon_105","Baboon_2013","Baboon_97"
"552","Baboon_491","Baboon_2013","Baboon_492"
"553","Baboon_506","Baboon_2013","Baboon_505"
"554","Baboon_1205","Baboon_1296","Baboon_363"
"555","Baboon_438","Baboon_1296","Baboon_1810"
"556","Baboon_2096","Baboon_1296","Baboon_378"
"557","Baboon_1868","Baboon_1296","Baboon_502"
"558","Baboon_1225","Baboon_1296","Baboon_1297"
"559","Baboon_1662","Baboon_1119","Baboon_1936"
"560","Baboon_1142","Baboon_1119","Baboon_1343"
"561","Baboon_1020","Baboon_1119","Baboon_1513"
"562","Baboon_1189","Baboon_1119","Baboon_1051"
"563","Baboon_1888","Baboon_1119","Baboon_2067"
"564","Baboon_1842","Baboon_1119","Baboon_1565"
"565","Baboon_2040","Baboon_1119","Baboon_1343"
"566","Baboon_1465","Baboon_1119","Baboon_1196"
"567","Baboon_2097","Baboon_1119","Baboon_1607"
"568","Baboon_231","Baboon_482","Baboon_227"
"569","Baboon_297","Baboon_482","Baboon_271"
"570","Baboon_50","Baboon_482","Baboon_280"
"571","Baboon_53","Baboon_482","Baboon_280"
"572","Baboon_557","Baboon_482","Baboon_534"
"573","Baboon_242","Baboon_482","Baboon_238"
"574","Baboon_243","Baboon_482","Baboon_238"
"575","Baboon_308","Baboon_482","Baboon_298"
"576","Baboon_1155","Baboon_483","Baboon_535"
"577","Baboon_392","Baboon_483","Baboon_393"
"578","Baboon_367","Baboon_483","Baboon_386"
"579","Baboon_1949","Baboon_488","Baboon_109"
"580","Baboon_1980","Baboon_488","Baboon_305"
"581","Baboon_1614","Baboon_488","Baboon_300"
"582","Baboon_371","Baboon_489","Baboon_378"
"583","Baboon_503","Baboon_489","Baboon_502"
"584","Baboon_464","Baboon_489","Baboon_494"
"585","Baboon_305","Baboon_491","Baboon_271"
"586","Baboon_1651","Baboon_491","Baboon_534"
"587","Baboon_284","Baboon_491","Baboon_263"
"588","Baboon_306","Baboon_491","Baboon_300"
"589","Baboon_408","Baboon_491","Baboon_395"
"590","Baboon_233","Baboon_491","Baboon_235"
"591","Baboon_49","Baboon_491","Baboon_280"
"592","Baboon_70","Baboon_491","Baboon_280"
"593","Baboon_1393","Baboon_497","Baboon_567"
"594","Baboon_299","Baboon_501","Baboon_272"
"595","Baboon_561","Baboon_501","Baboon_526"
"596","Baboon_555","Baboon_508","Baboon_534"
"597","Baboon_239","Baboon_508","Baboon_227"
"598","Baboon_1284","Baboon_508","Baboon_272"
"599","Baboon_288","Baboon_508","Baboon_272"
"600","Baboon_236","Baboon_508","Baboon_227"
"601","Baboon_530","Baboon_508","Baboon_567"
"602","Baboon_1956","Baboon_508","Baboon_255"
"603","Baboon_7","Baboon_508","Baboon_255"
"604","Baboon_516","Baboon_508","Baboon_520"
"605","Baboon_475","Baboon_508","Baboon_300"
"606","Baboon_559","Baboon_508","Baboon_540"
"607","Baboon_307","Baboon_508","Baboon_258"
"608","Baboon_478","Baboon_508","Baboon_300"
"609","Baboon_1583","Baboon_515","Baboon_214"
"610","Baboon_2120","Baboon_515","Baboon_587"
"611","Baboon_1632","Baboon_515","Baboon_498"
"612","Baboon_1359","Baboon_516","Baboon_430"
"613","Baboon_1226","Baboon_516","Baboon_111"
"614","Baboon_1505","Baboon_522","Baboon_114"
"615","Baboon_488","Baboon_528","Baboon_481"
"616","Baboon_111","Baboon_528","Baboon_500"
"617","Baboon_473","Baboon_528","Baboon_494"
"618","Baboon_418","Baboon_528","Baboon_505"
"619","Baboon_126","Baboon_549","Baboon_135"
"620","Baboon_578","Baboon_558","Baboon_570"
"621","Baboon_486","Baboon_558","Baboon_495"
"622","Baboon_582","Baboon_558","Baboon_499"
"623","Baboon_2089","Baboon_558","Baboon_495"
"624","Baboon_127","Baboon_558","Baboon_125"
"625","Baboon_1320","Baboon_558","Baboon_122"
"626","Baboon_118","Baboon_560","Baboon_109"
"627","Baboon_353","Baboon_581","Baboon_342"
"628","Baboon_147","Baboon_581","Baboon_150"
"629","Baboon_145","Baboon_581","Baboon_143"
"630","Baboon_177","Baboon_581","Baboon_209"
"631","Baboon_1492","Baboon_584","Baboon_307"
"632","Baboon_339","Baboon_1333","Baboon_363"
"633","Baboon_334","Baboon_589","Baboon_331"
"634","Baboon_318","Baboon_589","Baboon_328"
"635","Baboon_538","Baboon_589","Baboon_512"
"636","Baboon_1647","Baboon_590","Baboon_308"
"637","Baboon_1709","Baboon_590","Baboon_290"
"638","Baboon_394","Baboon_591","Baboon_393"
"639","Baboon_2061","Baboon_591","Baboon_311"
"640","Baboon_133","Baboon_595","Baboon_113"
"641","Baboon_24","Baboon_595","Baboon_2"
"642","Baboon_1129","Baboon_2136","Baboon_1528"
"643","Baboon_1939","Baboon_2136","Baboon_2101"
"644","Baboon_551","Baboon_597","Baboon_518"
"645","Baboon_345","Baboon_597","Baboon_333"
"646","Baboon_550","Baboon_597","Baboon_518"
"647","Baboon_320","Baboon_597","Baboon_328"
"648","Baboon_566","Baboon_597","Baboon_525"
"649","Baboon_1183","Baboon_599","Baboon_518"
"650","Baboon_160","Baboon_600","Baboon_201"
"651","Baboon_444","Baboon_600","Baboon_448"
"652","Baboon_86","Baboon_600","Baboon_107"
"653","Baboon_1727",NA,"Baboon_309"
"654","Baboon_1821",NA,"Baboon_1936"
"655","Baboon_1921",NA,"Baboon_186"
"656","Baboon_2037",NA,"Baboon_186"
"657","Baboon_1342",NA,"Baboon_309"
"658","Baboon_1890",NA,"Baboon_4"
"659","Baboon_1814",NA,"Baboon_4"
"660","Baboon_159",NA,"Baboon_188"
"661","Baboon_1285",NA,"Baboon_4"
"662","Baboon_1082",NA,"Baboon_190"
"663","Baboon_1240",NA,"Baboon_196"
"664","Baboon_1364",NA,"Baboon_4"
"665","Baboon_2006",NA,"Baboon_4"
"666","Baboon_1475",NA,"Baboon_6"
"667","Baboon_1048",NA,"Baboon_6"
"668","Baboon_1212",NA,"Baboon_1893"
"669","Baboon_2028",NA,"Baboon_199"
"670","Baboon_1267",NA,"Baboon_1893"
"671","Baboon_1893",NA,"Baboon_2070"
"672","Baboon_1326",NA,"Baboon_2070"
"673","Baboon_95",NA,"Baboon_1764"
"674","Baboon_1071",NA,"Baboon_1764"
"675","Baboon_2070",NA,"Baboon_1764"
"676","Baboon_1781",NA,"Baboon_24"
"677","Baboon_1494",NA,"Baboon_24"
"678","Baboon_1259",NA,"Baboon_313"
"679","Baboon_1975",NA,"Baboon_1138"
"680","Baboon_2023",NA,"Baboon_1138"
"681","Baboon_1556",NA,"Baboon_2023"
"682","Baboon_2039",NA,"Baboon_1091"
"683","Baboon_2058",NA,"Baboon_1603"
"684","Baboon_1167",NA,"Baboon_1603"
"685","Baboon_1881",NA,"Baboon_1603"
"686","Baboon_1416",NA,"Baboon_1603"
"687","Baboon_1837",NA,"Baboon_201"
"688","Baboon_1249",NA,"Baboon_1565"
"689","Baboon_1220",NA,"Baboon_320"
"690","Baboon_1621",NA,"Baboon_1565"
"691","Baboon_33",NA,"Baboon_1565"
"692","Baboon_1060",NA,"Baboon_1169"
"693","Baboon_1092",NA,"Baboon_204"
"694","Baboon_1728",NA,"Baboon_1565"
"695","Baboon_1763",NA,"Baboon_1565"
"696","Baboon_1328",NA,"Baboon_35"
"697","Baboon_1346",NA,"Baboon_35"
"698","Baboon_1272",NA,"Baboon_1456"
"699","Baboon_1481",NA,"Baboon_1456"
"700","Baboon_1742",NA,"Baboon_1600"
"701","Baboon_2057",NA,"Baboon_1600"
"702","Baboon_1045",NA,"Baboon_206"
"703","Baboon_1187",NA,"Baboon_48"
"704","Baboon_1787",NA,"Baboon_206"
"705","Baboon_1977",NA,"Baboon_207"
"706","Baboon_1766",NA,"Baboon_1549"
"707","Baboon_1403",NA,"Baboon_48"
"708","Baboon_1383",NA,"Baboon_49"
"709","Baboon_2107",NA,"Baboon_49"
"710","Baboon_1182",NA,"Baboon_49"
"711","Baboon_1371",NA,"Baboon_51"
"712","Baboon_1718",NA,"Baboon_1114"
"713","Baboon_1289",NA,"Baboon_51"
"714","Baboon_2083",NA,"Baboon_1598"
"715","Baboon_1043",NA,"Baboon_51"
"716","Baboon_1114",NA,"Baboon_1598"
"717","Baboon_1887",NA,"Baboon_1598"
"718","Baboon_1985",NA,"Baboon_216"
"719","Baboon_1382",NA,"Baboon_1794"
"720","Baboon_1993",NA,"Baboon_1794"
"721","Baboon_1362",NA,"Baboon_1794"
"722","Baboon_1400",NA,"Baboon_55"
"723","Baboon_1024",NA,"Baboon_55"
"724","Baboon_1175",NA,"Baboon_55"
"725","Baboon_1090",NA,"Baboon_2009"
"726","Baboon_1244",NA,"Baboon_1422"
"727","Baboon_58",NA,"Baboon_1962"
"728","Baboon_2009",NA,"Baboon_1962"
"729","Baboon_1127",NA,"Baboon_1962"
"730","Baboon_1683",NA,"Baboon_1962"
"731","Baboon_1851",NA,"Baboon_1343"
"732","Baboon_1947",NA,"Baboon_58"
"733","Baboon_1157",NA,"Baboon_58"
"734","Baboon_1517",NA,"Baboon_1974"
"735","Baboon_1864",NA,"Baboon_2111"
"736","Baboon_1022",NA,"Baboon_58"
"737","Baboon_2004",NA,"Baboon_2111"
"738","Baboon_1450",NA,"Baboon_2111"
"739","Baboon_1920",NA,"Baboon_1196"
"740","Baboon_1615",NA,"Baboon_58"
"741","Baboon_1235",NA,"Baboon_334"
"742","Baboon_1360",NA,"Baboon_111"
"743","Baboon_1309",NA,"Baboon_1196"
"744","Baboon_1356",NA,"Baboon_1122"
"745","Baboon_1711",NA,"Baboon_1122"
"746","Baboon_1586",NA,"Baboon_1122"
"747","Baboon_1367",NA,"Baboon_61"
"748","Baboon_1610",NA,"Baboon_61"
"749","Baboon_1099",NA,"Baboon_62"
"750","Baboon_2125",NA,"Baboon_62"
"751","Baboon_1106",NA,"Baboon_1528"
"752","Baboon_1399",NA,"Baboon_62"
"753","Baboon_1769",NA,"Baboon_62"
"754","Baboon_1402",NA,"Baboon_63"
"755","Baboon_1238",NA,"Baboon_63"
"756","Baboon_1668",NA,"Baboon_68"
"757","Baboon_2052",NA,"Baboon_1716"
"758","Baboon_1029",NA,"Baboon_73"
"759","Baboon_1978",NA,"Baboon_1042"
"760","Baboon_346",NA,"Baboon_1042"
"761","Baboon_1648",NA,"Baboon_1513"
"762","Baboon_1684",NA,"Baboon_1396"
"763","Baboon_1552",NA,"Baboon_1513"
"764","Baboon_1125",NA,"Baboon_1396"
"765","Baboon_2011",NA,"Baboon_1396"
"766","Baboon_1589",NA,"Baboon_1396"
"767","Baboon_2115",NA,"Baboon_1396"
"768","Baboon_1741",NA,"Baboon_1071"
"769","Baboon_2025",NA,"Baboon_1396"
"770","Baboon_2073",NA,"Baboon_1396"
"771","Baboon_1831",NA,"Baboon_342"
"772","Baboon_1774",NA,"Baboon_1499"
"773","Baboon_1991",NA,"Baboon_77"
"774","Baboon_1419",NA,"Baboon_344"
"775","Baboon_1620",NA,"Baboon_1366"
"776","Baboon_1430",NA,"Baboon_1366"
"777","Baboon_1679",NA,"Baboon_1366"
"778","Baboon_1750",NA,"Baboon_1366"
"779","Baboon_1302",NA,"Baboon_1366"
"780","Baboon_1294",NA,"Baboon_81"
"781","Baboon_1480",NA,"Baboon_81"
"782","Baboon_1998",NA,"Baboon_81"
"783","Baboon_1478",NA,"Baboon_236"
"784","Baboon_1907",NA,"Baboon_1302"
"785","Baboon_1161",NA,"Baboon_87"
"786","Baboon_1697",NA,"Baboon_87"
"787","Baboon_1355",NA,"Baboon_349"
"788","Baboon_1265",NA,"Baboon_87"
"789","Baboon_1447",NA,"Baboon_238"
"790","Baboon_1120",NA,"Baboon_88"
"791","Baboon_1486",NA,"Baboon_1886"
"792","Baboon_2117",NA,"Baboon_1037"
"793","Baboon_1190",NA,"Baboon_2067"
"794","Baboon_1726",NA,"Baboon_2067"
"795","Baboon_1689",NA,"Baboon_1037"
"796","Baboon_1542",NA,"Baboon_2067"
"797","Baboon_1318",NA,"Baboon_1566"
"798","Baboon_1729",NA,"Baboon_94"
"799","Baboon_102",NA,"Baboon_95"
"800","Baboon_1775",NA,"Baboon_95"
"801","Baboon_2078",NA,"Baboon_1566"
"802","Baboon_1239",NA,"Baboon_1669"
"803","Baboon_1057",NA,"Baboon_95"
"804","Baboon_1037",NA,"Baboon_1566"
"805","Baboon_1213",NA,"Baboon_95"
"806","Baboon_2081",NA,"Baboon_95"
"807","Baboon_1133",NA,"Baboon_1287"
"808","Baboon_1131",NA,"Baboon_361"
"809","Baboon_1077",NA,"Baboon_362"
"810","Baboon_1550",NA,"Baboon_362"
"811","Baboon_1618",NA,"Baboon_362"
"812","Baboon_1601",NA,"Baboon_2101"
"813","Baboon_1329",NA,"Baboon_2101"
"814","Baboon_1850",NA,"Baboon_245"
"815","Baboon_1995",NA,"Baboon_245"
"816","Baboon_370",NA,NA
"817","Baboon_1253",NA,"Baboon_99"
"818","Baboon_1623",NA,"Baboon_99"
"819","Baboon_1981",NA,"Baboon_246"
"820","Baboon_1262",NA,"Baboon_247"
"821","Baboon_1105",NA,"Baboon_102"
"822","Baboon_1551",NA,"Baboon_1594"
"823","Baboon_1180",NA,"Baboon_247"
"824","Baboon_1370",NA,"Baboon_102"
"825","Baboon_1219",NA,"Baboon_1875"
"826","Baboon_1942",NA,"Baboon_1801"
"827","Baboon_1526",NA,"Baboon_102"
"828","Baboon_1628",NA,"Baboon_1801"
"829","Baboon_1752",NA,"Baboon_102"
"830","Baboon_1009",NA,"Baboon_1875"
"831","Baboon_1734",NA,"Baboon_103"
"832","Baboon_1759",NA,NA
"833","Baboon_1247",NA,"Baboon_249"
"834","Baboon_2124",NA,"Baboon_249"
"835","Baboon_1966",NA,"Baboon_105"
"836","Baboon_1854",NA,"Baboon_368"
"837","Baboon_1867",NA,"Baboon_105"
"838","Baboon_1210",NA,"Baboon_250"
"839","Baboon_1960",NA,"Baboon_374"
"840","Baboon_1085",NA,"Baboon_250"
"841","Baboon_73",NA,"Baboon_106"
"842","Baboon_1074",NA,"Baboon_250"
"843","Baboon_1934",NA,"Baboon_106"
"844","Baboon_1955",NA,"Baboon_251"
"845","Baboon_1905",NA,"Baboon_106"
"846","Baboon_2108",NA,"Baboon_107"
"847","Baboon_2123",NA,"Baboon_492"
"848","Baboon_1691",NA,"Baboon_252"
"849","Baboon_1229",NA,"Baboon_378"
"850","Baboon_1188",NA,"Baboon_107"
"851","Baboon_1997",NA,"Baboon_107"
"852","Baboon_1736",NA,"Baboon_107"
"853","Baboon_1338",NA,"Baboon_107"
"854","Baboon_1245",NA,"Baboon_253"
"855","Baboon_1199",NA,"Baboon_253"
"856","Baboon_1822",NA,"Baboon_379"
"857","Baboon_1488",NA,"Baboon_253"
"858","Baboon_1846",NA,"Baboon_109"
"859","Baboon_1068",NA,"Baboon_1622"
"860","Baboon_1788",NA,"Baboon_111"
"861","Baboon_1055",NA,"Baboon_1622"
"862","Baboon_1581",NA,"Baboon_255"
"863","Baboon_1330",NA,"Baboon_298"
"864","Baboon_1891",NA,"Baboon_111"
"865","Baboon_1033",NA,"Baboon_1520"
"866","Baboon_1882",NA,"Baboon_113"
"867","Baboon_1984",NA,"Baboon_493"
"868","Baboon_1600",NA,NA
"869","Baboon_1014",NA,"Baboon_113"
"870","Baboon_174",NA,NA
"871","Baboon_1373",NA,"Baboon_258"
"872","Baboon_1197",NA,"Baboon_494"
"873","Baboon_1108",NA,"Baboon_2035"
"874","Baboon_1533",NA,"Baboon_113"
"875","Baboon_1388",NA,"Baboon_114"
"876","Baboon_1454",NA,"Baboon_114"
"877","Baboon_1352",NA,"Baboon_263"
"878","Baboon_1136",NA,"Baboon_390"
"879","Baboon_1389",NA,"Baboon_1790"
"880","Baboon_1497",NA,"Baboon_118"
"881","Baboon_1901",NA,"Baboon_118"
"882","Baboon_1573",NA,"Baboon_118"
"883","Baboon_1251",NA,"Baboon_120"
"884","Baboon_1035",NA,"Baboon_120"
"885","Baboon_1828",NA,"Baboon_2114"
"886","Baboon_113",NA,"Baboon_1518"
"887","Baboon_1121",NA,"Baboon_123"
"888","Baboon_1218",NA,"Baboon_125"
"889","Baboon_2047",NA,"Baboon_395"
"890","Baboon_1214",NA,"Baboon_395"
"891","Baboon_1314",NA,"Baboon_125"
"892","Baboon_1376",NA,"Baboon_125"
"893","Baboon_1733",NA,"Baboon_2008"
"894","Baboon_1935",NA,"Baboon_2008"
"895","Baboon_1518",NA,"Baboon_2008"
"896","Baboon_1753",NA,"Baboon_2008"
"897","Baboon_1246",NA,"Baboon_2008"
"898","Baboon_1908",NA,"Baboon_127"
"899","Baboon_1641",NA,"Baboon_127"
"900","Baboon_1308",NA,"Baboon_1222"
"901","Baboon_2055",NA,"Baboon_130"
"902","Baboon_2008",NA,"Baboon_1968"
"903","Baboon_2019",NA,"Baboon_1968"
"904","Baboon_1541",NA,"Baboon_1968"
"905","Baboon_1847",NA,"Baboon_1968"
"906","Baboon_1493",NA,"Baboon_1968"
"907","Baboon_1511",NA,"Baboon_1968"
"908","Baboon_2020",NA,"Baboon_2029"
"909","Baboon_1990",NA,"Baboon_2029"
"910","Baboon_1730",NA,"Baboon_2029"
"911","Baboon_1019",NA,"Baboon_1489"
"912","Baboon_1163",NA,"Baboon_135"
"913","Baboon_1490",NA,"Baboon_135"
"914","Baboon_1929",NA,"Baboon_135"
"915","Baboon_1817",NA,"Baboon_136"
"916","Baboon_1438",NA,"Baboon_273"
"917","Baboon_1900",NA,"Baboon_136"
"918","Baboon_1432",NA,"Baboon_275"
"919","Baboon_1602",NA,"Baboon_275"
"920","Baboon_1344",NA,"Baboon_1291"
"921","Baboon_2092",NA,"Baboon_136"
"922","Baboon_2110",NA,"Baboon_136"
"923","Baboon_1670",NA,"Baboon_140"
"924","Baboon_1086",NA,"Baboon_140"
"925","Baboon_1685",NA,"Baboon_277"
"926","Baboon_1384",NA,"Baboon_277"
"927","Baboon_1694",NA,"Baboon_140"
"928","Baboon_1845",NA,"Baboon_1291"
"929","Baboon_1937",NA,"Baboon_141"
"930","Baboon_1545",NA,"Baboon_1227"
"931","Baboon_1539",NA,"Baboon_1227"
"932","Baboon_1203",NA,"Baboon_1227"
"933","Baboon_1897",NA,"Baboon_1227"
"934","Baboon_1909",NA,"Baboon_1227"
"935","Baboon_1147",NA,"Baboon_143"
"936","Baboon_1838",NA,"Baboon_278"
"937","Baboon_1433",NA,"Baboon_403"
"938","Baboon_1688",NA,"Baboon_403"
"939","Baboon_1953",NA,"Baboon_403"
"940","Baboon_1444",NA,"Baboon_144"
"941","Baboon_1440",NA,"Baboon_2010"
"942","Baboon_1160",NA,"Baboon_144"
"943","Baboon_1559",NA,"Baboon_1406"
"944","Baboon_1420",NA,"Baboon_1406"
"945","Baboon_1570",NA,"Baboon_1406"
"946","Baboon_1378",NA,"Baboon_145"
"947","Baboon_1825",NA,"Baboon_148"
"948","Baboon_1932",NA,"Baboon_148"
"949","Baboon_1089",NA,"Baboon_148"
"950","Baboon_1110",NA,"Baboon_150"
"951","Baboon_2031",NA,"Baboon_285"
"952","Baboon_1495",NA,"Baboon_285"
"953","Baboon_1544",NA,"Baboon_324"
"954","Baboon_1200",NA,"Baboon_285"
"955","Baboon_1952",NA,"Baboon_407"
"956","Baboon_1636",NA,"Baboon_1963"
"957","Baboon_1477",NA,"Baboon_1963"
"958","Baboon_1098",NA,"Baboon_286"
"959","Baboon_1576",NA,"Baboon_286"
"960","Baboon_1501",NA,"Baboon_1636"
"961","Baboon_1917",NA,"Baboon_506"
"962","Baboon_1174",NA,"Baboon_506"
"963","Baboon_2053",NA,"Baboon_1545"
"964","Baboon_1298",NA,"Baboon_1567"
"965","Baboon_1580",NA,"Baboon_1567"
"966","Baboon_1737",NA,"Baboon_1567"
"967","Baboon_1986",NA,"Baboon_1567"
"968","Baboon_1564",NA,"Baboon_1567"
"969","Baboon_1126",NA,"Baboon_1567"
"970","Baboon_1102",NA,"Baboon_1567"
"971","Baboon_1593",NA,"Baboon_165"
"972","Baboon_1876",NA,"Baboon_169"
"973","Baboon_1008",NA,"Baboon_290"
"974","Baboon_1184",NA,"Baboon_171"
"975","Baboon_1001",NA,"Baboon_171"
"976","Baboon_1427",NA,"Baboon_1219"
"977","Baboon_1426",NA,"Baboon_294"
"978","Baboon_1954",NA,"Baboon_1225"
"979","Baboon_1321",NA,"Baboon_413"
"980","Baboon_1903",NA,"Baboon_298"
"981","Baboon_1353",NA,"Baboon_178"
"982","Baboon_1983",NA,"Baboon_178"
"983","Baboon_1744",NA,"Baboon_1196"
"984","Baboon_1186",NA,"Baboon_1310"
"985","Baboon_1824",NA,"Baboon_1297"
"986","Baboon_1015",NA,"Baboon_1607"
"987","Baboon_1011",NA,"Baboon_300"
"988","Baboon_1549",NA,"Baboon_1297"
"989","Baboon_1270",NA,"Baboon_1297"
"990","Baboon_1482",NA,"Baboon_1297"
"991","Baboon_186",NA,"Baboon_1297"
"992","Baboon_1832",NA,"Baboon_1297"
"993","Baboon_2062",NA,"Baboon_1297"
"994","Baboon_1435",NA,"Baboon_1297"
"995","Baboon_2041",NA,"Baboon_1297"
"996","Baboon_1720",NA,"Baboon_180"
"997","Baboon_1797",NA,"Baboon_180"
"998","Baboon_1611",NA,"Baboon_417"
"999","Baboon_1989",NA,"Baboon_301"
"1000","Baboon_1945",NA,"Baboon_304"
"1001","Baboon_1659",NA,"Baboon_181"
"1002","Baboon_1065",NA,"Baboon_181"
"1003","Baboon_1677",NA,"Baboon_181"
"1004","Baboon_1300",NA,"Baboon_1051"
"1005","Baboon_1812",NA,"Baboon_1051"
"1006","Baboon_1675",NA,"Baboon_2041"
"1007","Baboon_1782",NA,"Baboon_2041"
"1008","Baboon_1405",NA,"Baboon_2041"
"1009","Baboon_1094",NA,"Baboon_2041"
"1010","Baboon_1407",NA,"Baboon_2059"
"1011","Baboon_1835",NA,"Baboon_2041"
"1012","Baboon_1567",NA,"Baboon_2059"
"1013","Baboon_1301",NA,"Baboon_1936"
"1014","Baboon_1880",NA,"Baboon_309"
"1015","Baboon_1113",NA,"Baboon_309"
"1016","Baboon_1337",NA,"Baboon_309"
"1017","Baboon_1767",NA,"Baboon_1936"
"1018","Baboon_1940",NA,"Baboon_1978"
"1019","Baboon_1967",NA,"Baboon_309"
"1020","Baboon_2121",NA,"Baboon_1834"
"1021","Baboon_1351",NA,"Baboon_425"
"1022","Baboon_1748",NA,"Baboon_311"
"1023","Baboon_2049",NA,"Baboon_426"
"1024","Baboon_1451",NA,"Baboon_427"
"1025","Baboon_1256",NA,"Baboon_523"
"1026","Baboon_1062",NA,"Baboon_311"
"1027","Baboon_1958",NA,"Baboon_1395"
"1028","Baboon_1096",NA,"Baboon_196"
"1029","Baboon_1527",NA,"Baboon_196"
"1030","Baboon_1574",NA,"Baboon_198"
"1031","Baboon_1144",NA,"Baboon_198"
"1032","Baboon_1052",NA,"Baboon_198"
"1033","Baboon_1572",NA,"Baboon_313"
"1034","Baboon_1123",NA,"Baboon_313"
"1035","Baboon_1500",NA,"Baboon_313"
"1036","Baboon_1536",NA,"Baboon_199"
"1037","Baboon_1361",NA,"Baboon_199"
"1038","Baboon_1379",NA,"Baboon_431"
"1039","Baboon_1274",NA,"Baboon_431"
"1040","Baboon_1228",NA,"Baboon_313"
"1041","Baboon_1529",NA,"Baboon_200"
"1042","Baboon_1398",NA,"Baboon_1810"
"1043","Baboon_1010",NA,"Baboon_1566"
"1044","Baboon_1429",NA,"Baboon_1810"
"1045","Baboon_1629",NA,"Baboon_1810"
"1046","Baboon_1198",NA,"Baboon_1810"
"1047","Baboon_1281",NA,"Baboon_201"
"1048","Baboon_1016",NA,"Baboon_1091"
"1049","Baboon_1303",NA,"Baboon_1091"
"1050","Baboon_1410",NA,"Baboon_319"
"1051","Baboon_1216",NA,"Baboon_319"
"1052","Baboon_1207",NA,"Baboon_320"
"1053","Baboon_2109",NA,"Baboon_1169"
"1054","Baboon_1865",NA,"Baboon_204"
"1055","Baboon_1612",NA,"Baboon_320"
"1056","Baboon_1650",NA,"Baboon_534"
"1057","Baboon_1059",NA,"Baboon_1169"
"1058","Baboon_194",NA,"Baboon_204"
"1059","Baboon_1852",NA,"Baboon_204"
"1060","Baboon_1577",NA,"Baboon_206"
"1061","Baboon_1780",NA,"Baboon_245"
"1062","Baboon_2095",NA,"Baboon_1861"
"1063","Baboon_1431",NA,"Baboon_1861"
"1064","Baboon_1687",NA,"Baboon_1861"
"1065","Baboon_1904",NA,"Baboon_1861"
"1066","Baboon_1368",NA,"Baboon_1563"
"1067","Baboon_1452",NA,"Baboon_1563"
"1068","Baboon_1391",NA,"Baboon_1563"
"1069","Baboon_1820",NA,"Baboon_1563"
"1070","Baboon_1278",NA,"Baboon_1563"
"1071","Baboon_1930",NA,"Baboon_1549"
"1072","Baboon_2032",NA,"Baboon_209"
"1073","Baboon_1299",NA,"Baboon_444"
"1074","Baboon_2075",NA,"Baboon_249"
"1075","Baboon_1654",NA,"Baboon_209"
"1076","Baboon_1613",NA,"Baboon_444"
"1077","Baboon_1770",NA,"Baboon_209"
"1078","Baboon_525",NA,"Baboon_1916"
"1079","Baboon_2003",NA,"Baboon_1598"
"1080","Baboon_1271",NA,"Baboon_539"
"1081","Baboon_1813",NA,"Baboon_407"
"1082","Baboon_1374",NA,"Baboon_1598"
"1083","Baboon_1964",NA,"Baboon_216"
"1084","Baboon_1002",NA,"Baboon_445"
"1085","Baboon_1692",NA,"Baboon_219"
"1086","Baboon_1335",NA,"Baboon_219"
"1087","Baboon_1701",NA,"Baboon_1198"
"1088","Baboon_2060",NA,"Baboon_1343"
"1089","Baboon_1599",NA,"Baboon_1422"
"1090","Baboon_2030",NA,"Baboon_540"
"1091","Baboon_2130",NA,"Baboon_2087"
"1092","Baboon_2026",NA,"Baboon_2087"
"1093","Baboon_1922",NA,"Baboon_1343"
"1094","Baboon_1568",NA,"Baboon_332"
"1095","Baboon_2046",NA,"Baboon_2087"
"1096","Baboon_1206",NA,"Baboon_1974"
"1097","Baboon_1345",NA,"Baboon_1974"
"1098","Baboon_1918",NA,"Baboon_1171"
"1099","Baboon_1532",NA,"Baboon_333"
"1100","Baboon_1386",NA,"Baboon_2111"
"1101","Baboon_1944",NA,"Baboon_333"
"1102","Baboon_1263",NA,"Baboon_333"
"1103","Baboon_1230",NA,"Baboon_1310"
"1104","Baboon_1607",NA,NA
"1105","Baboon_1017",NA,"Baboon_1520"
"1106","Baboon_1696",NA,"Baboon_255"
"1107","Baboon_1792",NA,"Baboon_448"
"1108","Baboon_2066",NA,"Baboon_1639"
"1109","Baboon_363",NA,"Baboon_1639"
"1110","Baboon_1634",NA,"Baboon_1639"
"1111","Baboon_1783",NA,"Baboon_1122"
"1112","Baboon_1319",NA,"Baboon_1122"
"1113","Baboon_1987",NA,"Baboon_1122"
"1114","Baboon_1761",NA,"Baboon_1528"
"1115","Baboon_1857",NA,"Baboon_1248"
"1116","Baboon_1524",NA,"Baboon_1528"
"1117","Baboon_1414",NA,"Baboon_336"
"1118","Baboon_1122",NA,"Baboon_1811"
"1119","Baboon_1387",NA,"Baboon_1811"
"1120","Baboon_1476",NA,"Baboon_1042"
"1121","Baboon_1310",NA,NA
"1122","Baboon_2104",NA,"Baboon_1716"
"1123","Baboon_576",NA,"Baboon_570"
"1124","Baboon_1158",NA,"Baboon_1741"
"1125","Baboon_1719",NA,"Baboon_1042"
"1126","Baboon_2086",NA,"Baboon_1513"
"1127","Baboon_1590",NA,"Baboon_1591"
"1128","Baboon_1894",NA,"Baboon_1513"
"1129","Baboon_2111",NA,"Baboon_1513"
"1130","Baboon_1543",NA,"Baboon_1513"
"1131","Baboon_1902",NA,"Baboon_1513"
"1132","Baboon_1336",NA,"Baboon_587"
"1133","Baboon_1754",NA,"Baboon_226"
"1134","Baboon_1422",NA,"Baboon_1071"
"1135","Baboon_1510",NA,"Baboon_1071"
"1136","Baboon_1810",NA,"Baboon_1071"
"1137","Baboon_1312",NA,"Baboon_344"
"1138","Baboon_1773",NA,"Baboon_2027"
"1139","Baboon_590",NA,NA
"1140","Baboon_1109",NA,"Baboon_1834"
"1141","Baboon_1381",NA,"Baboon_397"
"1142","Baboon_1145",NA,"Baboon_1834"
"1143","Baboon_1434",NA,"Baboon_1834"
"1144","Baboon_1760",NA,"Baboon_346"
"1145","Baboon_2100",NA,"Baboon_235"
"1146","Baboon_1540",NA,"Baboon_346"
"1147","Baboon_2013",NA,"Baboon_2130"
"1148","Baboon_1103",NA,"Baboon_237"
"1149","Baboon_1673",NA,"Baboon_237"
"1150","Baboon_1231",NA,"Baboon_460"
"1151","Baboon_1959",NA,"Baboon_461"
"1152","Baboon_1547",NA,"Baboon_462"
"1153","Baboon_1088",NA,"Baboon_462"
"1154","Baboon_1644",NA,"Baboon_238"
"1155","Baboon_14",NA,NA
"1156","Baboon_1731",NA,"Baboon_352"
"1157","Baboon_227",NA,"Baboon_1037"
"1158","Baboon_1680",NA,"Baboon_1037"
"1159","Baboon_1779",NA,"Baboon_1597"
"1160","Baboon_226",NA,"Baboon_1566"
"1161","Baboon_1833",NA,"Baboon_1597"
"1162","Baboon_2113",NA,"Baboon_1566"
"1163","Baboon_1635",NA,"Baboon_1566"
"1164","Baboon_1972",NA,"Baboon_275"
"1165","Baboon_1861",NA,"Baboon_1669"
"1166","Baboon_2093",NA,NA
"1167","Baboon_1000",NA,"Baboon_1566"
"1168","Baboon_1594",NA,"Baboon_1669"
"1169","Baboon_1005",NA,"Baboon_1287"
"1170","Baboon_1655",NA,"Baboon_1287"
"1171","Baboon_1080",NA,"Baboon_361"
"1172","Baboon_1306",NA,NA
"1173","Baboon_2135",NA,"Baboon_1483"
"1174","Baboon_2064",NA,"Baboon_1483"
"1175","Baboon_2091",NA,"Baboon_1329"
"1176","Baboon_2010",NA,NA
"1177","Baboon_1839",NA,NA
"1178","Baboon_1637",NA,"Baboon_2101"
"1179","Baboon_1446",NA,"Baboon_2101"
"1180","Baboon_1919",NA,"Baboon_503"
"1181","Baboon_1192",NA,"Baboon_363"
"1182","Baboon_2099",NA,"Baboon_503"
"1183","Baboon_2000",NA,"Baboon_2126"
"1184","Baboon_1039",NA,"Baboon_1594"
"1185","Baboon_1134",NA,"Baboon_247"
"1186","Baboon_1277",NA,"Baboon_2126"
"1187","Baboon_1456",NA,NA
"1188","Baboon_298",NA,"Baboon_1875"
"1189","Baboon_1657",NA,"Baboon_365"
"1190","Baboon_30",NA,NA
"1191","Baboon_1844",NA,"Baboon_1875"
"1192","Baboon_31",NA,NA
"1193","Baboon_1038",NA,"Baboon_1875"
"1194","Baboon_1885",NA,"Baboon_367"
"1195","Baboon_2132",NA,"Baboon_1584"
"1196","Baboon_1642",NA,"Baboon_444"
"1197","Baboon_2045",NA,"Baboon_367"
"1198","Baboon_1616",NA,"Baboon_367"
"1199","Baboon_1325",NA,"Baboon_249"
"1200","Baboon_1722",NA,"Baboon_1636"
"1201","Baboon_1224",NA,"Baboon_1636"
"1202","Baboon_154",NA,NA
"1203","Baboon_1965",NA,"Baboon_1636"
"1204","Baboon_1653",NA,"Baboon_1636"
"1205","Baboon_1973",NA,"Baboon_250"
"1206","Baboon_1137",NA,"Baboon_374"
"1207","Baboon_1004",NA,"Baboon_251"
"1208","Baboon_1418",NA,"Baboon_492"
"1209","Baboon_2071",NA,"Baboon_251"
"1210","Baboon_1061",NA,"Baboon_378"
"1211","Baboon_221",NA,NA
"1212","Baboon_1702",NA,NA
"1213","Baboon_36",NA,NA
"1214","Baboon_1772",NA,"Baboon_492"
"1215","Baboon_1619",NA,NA
"1216","Baboon_348",NA,NA
"1217","Baboon_38",NA,NA
"1218","Baboon_2072",NA,"Baboon_378"
"1219","Baboon_1579",NA,"Baboon_1501"
"1220","Baboon_1555",NA,"Baboon_1501"
"1221","Baboon_1397",NA,"Baboon_381"
"1222","Baboon_1135",NA,"Baboon_381"
"1223","Baboon_326",NA,NA
"1224","Baboon_1946",NA,"Baboon_255"
"1225","Baboon_1313",NA,"Baboon_1324"
"1226","Baboon_2021",NA,"Baboon_1310"
"1227","Baboon_1221",NA,"Baboon_1607"
"1228","Baboon_1808",NA,"Baboon_255"
"1229","Baboon_166",NA,NA
"1230","Baboon_1816",NA,"Baboon_493"
"1231","Baboon_465",NA,NA
"1232","Baboon_1111",NA,"Baboon_300"
"1233","Baboon_1445",NA,NA
"1234","Baboon_1507",NA,"Baboon_562"
"1235","Baboon_1191",NA,"Baboon_494"
"1236","Baboon_223",NA,NA
"1237","Baboon_1665",NA,NA
"1238","Baboon_1227",NA,"Baboon_2035"
"1239","Baboon_1520",NA,"Baboon_2035"
"1240","Baboon_1664",NA,"Baboon_263"
"1241","Baboon_1264",NA,"Baboon_494"
"1242","Baboon_1311",NA,"Baboon_1721"
"1243","Baboon_1233",NA,"Baboon_263"
"1244","Baboon_1707",NA,"Baboon_494"
"1245","Baboon_1194",NA,"Baboon_263"
"1246","Baboon_1067",NA,"Baboon_263"
"1247","Baboon_1288",NA,"Baboon_264"
"1248","Baboon_1941",NA,"Baboon_264"
"1249","Baboon_1056",NA,NA
"1250","Baboon_1156",NA,"Baboon_2114"
"1251","Baboon_1315",NA,"Baboon_269"
"1252","Baboon_1855",NA,"Baboon_269"
"1253","Baboon_463",NA,NA
"1254","Baboon_2029",NA,NA
"1255","Baboon_1793",NA,"Baboon_395"
"1256","Baboon_1674",NA,"Baboon_395"
"1257","Baboon_1104",NA,"Baboon_395"
"1258","Baboon_398",NA,"Baboon_395"
"1259","Baboon_1661",NA,NA
"1260","Baboon_1457",NA,"Baboon_520"
"1261","Baboon_2034",NA,NA
"1262","Baboon_1704",NA,"Baboon_423"
"1263","Baboon_212",NA,NA
"1264","Baboon_1883",NA,"Baboon_1665"
"1265","Baboon_1633",NA,"Baboon_1665"
"1266","Baboon_1023",NA,"Baboon_1665"
"1267","Baboon_1392",NA,"Baboon_1665"
"1268","Baboon_1491",NA,"Baboon_1268"
"1269","Baboon_1428",NA,"Baboon_1665"
"1270","Baboon_1698",NA,"Baboon_1268"
"1271","Baboon_1208",NA,"Baboon_1268"
"1272","Baboon_2114",NA,"Baboon_1440"
"1273","Baboon_1479",NA,"Baboon_1703"
"1274","Baboon_1081",NA,"Baboon_1489"
"1275","Baboon_1723",NA,"Baboon_1703"
"1276","Baboon_1234",NA,"Baboon_1489"
"1277","Baboon_2119",NA,"Baboon_1489"
"1278","Baboon_1042",NA,"Baboon_1489"
"1279","Baboon_1777",NA,"Baboon_273"
"1280","Baboon_1269",NA,"Baboon_400"
"1281","Baboon_1738",NA,"Baboon_274"
"1282","Baboon_1758",NA,"Baboon_1678"
"1283","Baboon_1047",NA,"Baboon_1678"
"1284","Baboon_474",NA,NA
"1285","Baboon_1548",NA,"Baboon_354"
"1286","Baboon_1411",NA,"Baboon_275"
"1287","Baboon_1749",NA,"Baboon_1291"
"1288","Baboon_1149",NA,"Baboon_276"
"1289","Baboon_1178",NA,"Baboon_1291"
"1290","Baboon_1746",NA,"Baboon_1291"
"1291","Baboon_2054",NA,"Baboon_1291"
"1292","Baboon_1856",NA,"Baboon_1585"
"1293","Baboon_1280",NA,"Baboon_402"
"1294","Baboon_1592",NA,"Baboon_277"
"1295","Baboon_1028",NA,"Baboon_1585"
"1296","Baboon_2112",NA,"Baboon_403"
"1297","Baboon_1148",NA,"Baboon_277"
"1298","Baboon_2002",NA,"Baboon_278"
"1299","Baboon_1498",NA,"Baboon_278"
"1300","Baboon_1516",NA,"Baboon_403"
"1301","Baboon_1617",NA,"Baboon_1958"
"1302","Baboon_1162",NA,"Baboon_1861"
"1303","Baboon_321",NA,"Baboon_1861"
"1304","Baboon_1863",NA,"Baboon_280"
"1305","Baboon_1860",NA,"Baboon_1059"
"1306","Baboon_1519",NA,"Baboon_280"
"1307","Baboon_1604",NA,"Baboon_2010"
"1308","Baboon_1268",NA,"Baboon_1979"
"1309","Baboon_1875",NA,"Baboon_1979"
"1310","Baboon_1639",NA,"Baboon_2010"
"1311","Baboon_2122",NA,"Baboon_1584"
"1312","Baboon_1678",NA,"Baboon_1584"
"1313","Baboon_1436",NA,"Baboon_1584"
"1314","Baboon_1079",NA,"Baboon_1584"
"1315","Baboon_1401",NA,"Baboon_1584"
"1316","Baboon_1713",NA,"Baboon_1710"
"1317","Baboon_1656",NA,"Baboon_367"
"1318","Baboon_2131",NA,"Baboon_407"
"1319","Baboon_1404",NA,"Baboon_505"
"1320","Baboon_1896",NA,"Baboon_286"
"1321","Baboon_1957",NA,"Baboon_286"
"1322","Baboon_1538",NA,"Baboon_539"
"1323","Baboon_454",NA,"Baboon_450"
"1324","Baboon_155",NA,NA
"1325","Baboon_1241",NA,"Baboon_539"
"1326","Baboon_1290",NA,"Baboon_328"
"1327","Baboon_1287",NA,"Baboon_2119"
"1328","Baboon_272",NA,"Baboon_2119"
"1329","Baboon_1112",NA,"Baboon_2119"
"1330","Baboon_1667",NA,"Baboon_287"
"1331","Baboon_1827",NA,"Baboon_287"
"1332","Baboon_1078",NA,"Baboon_287"
"1333","Baboon_1461",NA,"Baboon_287"
"1334","Baboon_1132",NA,"Baboon_287"
"1335","Baboon_1874",NA,"Baboon_290"
"1336","Baboon_1523",NA,"Baboon_509"
"1337","Baboon_1596",NA,"Baboon_1836"
"1338","Baboon_1327",NA,"Baboon_290"
"1339","Baboon_2038",NA,"Baboon_413"
"1340","Baboon_1339",NA,"Baboon_413"
"1341","Baboon_1340",NA,"Baboon_413"
"1342","Baboon_1554",NA,"Baboon_298"
"1343","Baboon_1823",NA,"Baboon_1310"
"1344","Baboon_1923",NA,"Baboon_1310"
"1345","Baboon_1469",NA,"Baboon_414"
"1346","Baboon_378",NA,"Baboon_1520"
"1347","Baboon_1204",NA,"Baboon_1622"
"1348","Baboon_1862",NA,"Baboon_550"
"1349","Baboon_1069",NA,"Baboon_493"
"1350","Baboon_1118",NA,"Baboon_550"
"1351","Baboon_1951",NA,"Baboon_448"
"1352","Baboon_1971",NA,"Baboon_1607"
"1353","Baboon_1646",NA,"Baboon_448"
"1354","Baboon_1107",NA,"Baboon_300"
"1355","Baboon_1725",NA,"Baboon_448"
"1356","Baboon_1534",NA,"Baboon_1607"
"1357","Baboon_2082",NA,"Baboon_1607"
"1358","Baboon_1154",NA,"Baboon_300"
"1359","Baboon_1275",NA,"Baboon_301"
"1360","Baboon_1044",NA,"Baboon_301"
"1361","Baboon_1778",NA,"Baboon_301"
"1362","Baboon_2128",NA,"Baboon_1042"
"1363","Baboon_1715",NA,"Baboon_526"
"1364","Baboon_1116",NA,"Baboon_570"
"1365","Baboon_1417",NA,"Baboon_304"
"1366","Baboon_1385",NA,"Baboon_305"
"1367","Baboon_1279",NA,"Baboon_417"
"1368","Baboon_2098",NA,"Baboon_1741"
"1369","Baboon_1899",NA,"Baboon_1468"
"1370","Baboon_1512",NA,"Baboon_305"
"1371","Baboon_1041",NA,"Baboon_305"
"1372","Baboon_1331",NA,"Baboon_1943"
"1373","Baboon_1631",NA,"Baboon_1943"
"1374","Baboon_1394",NA,"Baboon_519"
"1375","Baboon_1743",NA,"Baboon_307"
"1376","Baboon_1211",NA,"Baboon_1071"
"1377","Baboon_2044",NA,"Baboon_519"
"1378","Baboon_1159",NA,"Baboon_1936"
"1379","Baboon_1474",NA,"Baboon_1936"
"1380","Baboon_1849",NA,"Baboon_1071"
"1381","Baboon_1",NA,NA
"1382","Baboon_1363",NA,"Baboon_2027"
"1383","Baboon_1703",NA,NA
"1384","Baboon_2059",NA,NA
"1385","Baboon_1333",NA,NA
"1386","Baboon_2105",NA,"Baboon_426"
"1387","Baboon_1799",NA,"Baboon_520"
"1388","Baboon_1027",NA,"Baboon_523"
"1389","Baboon_1350",NA,"Baboon_1260"
"1390","Baboon_1453",NA,"Baboon_429"
"1391","Baboon_1153",NA,"Baboon_1546"
"1392","Baboon_1906",NA,"Baboon_1395"
"1393","Baboon_1091",NA,"Baboon_1395"
"1394","Baboon_1485",NA,"Baboon_525"
"1395","Baboon_1598",NA,"Baboon_1395"
"1396","Baboon_1170",NA,"Baboon_313"
"1397","Baboon_1582",NA,"Baboon_430"
"1398","Baboon_1150",NA,"Baboon_430"
"1399","Baboon_1209",NA,"Baboon_1886"
"1400","Baboon_1295",NA,"Baboon_525"
"1401","Baboon_1064",NA,"Baboon_313"
"1402","Baboon_15",NA,NA
"1403","Baboon_1974",NA,NA
"1404","Baboon_1504",NA,"Baboon_432"
"1405","Baboon_1717",NA,"Baboon_313"
"1406","Baboon_1261",NA,"Baboon_1810"
"1407","Baboon_1740",NA,"Baboon_1669"
"1408","Baboon_1509",NA,"Baboon_1483"
"1409","Baboon_1708",NA,"Baboon_1585"
"1410","Baboon_1236",NA,"Baboon_1669"
"1411","Baboon_314",NA,"Baboon_1091"
"1412","Baboon_1898",NA,"Baboon_1261"
"1413","Baboon_445",NA,"Baboon_1261"
"1414","Baboon_1873",NA,"Baboon_1261"
"1415","Baboon_1215",NA,"Baboon_437"
"1416","Baboon_1026",NA,"Baboon_1169"
"1417","Baboon_1546",NA,NA
"1418","Baboon_1771",NA,"Baboon_320"
"1419","Baboon_1962",NA,"Baboon_1169"
"1420","Baboon_1070",NA,"Baboon_403"
"1421","Baboon_1296",NA,NA
"1422","Baboon_26",NA,NA
"1423","Baboon_1807",NA,"Baboon_439"
"1424","Baboon_1643",NA,"Baboon_2101"
"1425","Baboon_1976",NA,"Baboon_1594"
"1426","Baboon_119",NA,NA
"1427","Baboon_1595",NA,"Baboon_1059"
"1428","Baboon_1471",NA,"Baboon_1059"
"1429","Baboon_1795",NA,"Baboon_1026"
"1430","Baboon_1460",NA,"Baboon_1026"
"1431","Baboon_2005",NA,"Baboon_1026"
"1432","Baboon_1053",NA,"Baboon_1026"
"1433","Baboon_1794",NA,"Baboon_1026"
"1434","Baboon_1999",NA,"Baboon_1026"
"1435","Baboon_2027",NA,"Baboon_1563"
"1436","Baboon_316",NA,"Baboon_324"
"1437","Baboon_1732",NA,NA
"1438","Baboon_1663",NA,"Baboon_538"
"1439","Baboon_1354",NA,"Baboon_324"
"1440","Baboon_1357",NA,"Baboon_1710"
"1441","Baboon_1682",NA,"Baboon_1916"
"1442","Baboon_1171",NA,NA
"1443","Baboon_1040",NA,"Baboon_2035"
"1444","Baboon_1483",NA,NA
"1445","Baboon_1764",NA,NA
"1446","Baboon_156",NA,NA
"1447","Baboon_157",NA,NA
"1448","Baboon_1585",NA,"Baboon_1636"
"1449","Baboon_2088",NA,"Baboon_1198"
"1450","Baboon_211",NA,NA
"1451","Baboon_1565",NA,NA
"1452","Baboon_1260",NA,"Baboon_1422"
"1453","Baboon_1669",NA,NA
"1454","Baboon_1658",NA,"Baboon_1836"
"1455","Baboon_1588",NA,"Baboon_507"
"1456","Baboon_1217",NA,"Baboon_1836"
"1457","Baboon_1626",NA,"Baboon_332"
"1458","Baboon_1560",NA,"Baboon_2087"
"1459","Baboon_1765",NA,"Baboon_509"
"1460","Baboon_1693",NA,"Baboon_1258"
"1461","Baboon_1537",NA,"Baboon_333"
"1462","Baboon_1172",NA,NA
"1463","Baboon_1910",NA,"Baboon_1310"
"1464","Baboon_1409",NA,"Baboon_1622"
"1465","Baboon_1608",NA,"Baboon_1622"
"1466","Baboon_1073",NA,"Baboon_1310"
"1467","Baboon_1484",NA,"Baboon_1695"
"1468","Baboon_1050",NA,"Baboon_1260"
"1469","Baboon_1375",NA,"Baboon_493"
"1470","Baboon_2074",NA,"Baboon_512"
"1471","Baboon_1146",NA,"Baboon_1520"
"1472","Baboon_1755",NA,"Baboon_493"
"1473","Baboon_1877",NA,"Baboon_448"
"1474","Baboon_1305",NA,"Baboon_555"
"1475","Baboon_1969",NA,"Baboon_1248"
"1476","Baboon_1291",NA,NA
"1477","Baboon_1266",NA,"Baboon_1248"
"1478","Baboon_1801",NA,"Baboon_1248"
"1479","Baboon_1747",NA,"Baboon_450"
"1480","Baboon_1878",NA,"Baboon_336"
"1481","Baboon_1938",NA,"Baboon_450"
"1482","Baboon_1083",NA,"Baboon_1042"
"1483","Baboon_1886",NA,NA
"1484","Baboon_1690",NA,"Baboon_1597"
"1485","Baboon_1804",NA,"Baboon_567"
"1486","Baboon_2036",NA,"Baboon_1042"
"1487","Baboon_415",NA,NA
"1488","Baboon_1756",NA,"Baboon_570"
"1489","Baboon_1072",NA,"Baboon_393"
"1490","Baboon_421",NA,NA
"1491","Baboon_2080",NA,"Baboon_1741"
"1492","Baboon_1496",NA,"Baboon_1741"
"1493","Baboon_1100",NA,"Baboon_1741"
"1494","Baboon_1258",NA,"Baboon_1741"
"1495","Baboon_2017",NA,"Baboon_1591"
"1496","Baboon_1706",NA,"Baboon_1741"
"1497","Baboon_1406",NA,"Baboon_2059"
"1498","Baboon_1562",NA,NA
"1499","Baboon_2018",NA,"Baboon_587"
"1500","Baboon_477",NA,NA
"1501","Baboon_1439",NA,NA
"1502","Baboon_2136",NA,"Baboon_1557"
"1503","Baboon_1872",NA,"Baboon_503"
"1504","Baboon_134",NA,NA
"1505","Baboon_593",NA,NA
"1506","Baboon_27",NA,NA
"1507","Baboon_1437",NA,NA
"1508","Baboon_1587",NA,"Baboon_2126"
"1509","Baboon_2127",NA,"Baboon_1260"
"1510","Baboon_1916",NA,NA
"1511","Baboon_1963",NA,NA
"1512","Baboon_2016",NA,"Baboon_349"
"1513","Baboon_1448",NA,"Baboon_1839"
"1514","Baboon_138",NA,NA
"1515","Baboon_12",NA,NA
"1516","Baboon_424",NA,NA
"1517","Baboon_591",NA,NA
"1518","Baboon_1250",NA,"Baboon_1341"
"1519","Baboon_1933",NA,"Baboon_1703"
"1520","Baboon_1841",NA,"Baboon_1703"
"1521","Baboon_1176",NA,"Baboon_1323"
"1522","Baboon_1032",NA,"Baboon_1597"
"1523","Baboon_1535",NA,"Baboon_407"
"1524","Baboon_2079",NA,"Baboon_417"
"1525","Baboon_1472",NA,"Baboon_1678"
"1526","Baboon_1870",NA,"Baboon_354"
"1527","Baboon_1895",NA,"Baboon_1597"
"1528","Baboon_1293",NA,"Baboon_1291"
"1529","Baboon_1818",NA,"Baboon_1291"
"1530","Baboon_1455",NA,NA
"1531","Baboon_1739",NA,"Baboon_1291"
"1532","Baboon_1705",NA,"Baboon_1483"
"1533","Baboon_1979",NA,NA
"1534","Baboon_2024",NA,"Baboon_361"
"1535","Baboon_1380",NA,"Baboon_1483"
"1536","Baboon_505",NA,"Baboon_1585"
"1537","Baboon_458",NA,NA
"1538","Baboon_1557",NA,NA
"1539","Baboon_25",NA,NA
"1540","Baboon_1530",NA,"Baboon_403"
"1541","Baboon_1458",NA,"Baboon_534"
"1542","Baboon_2102",NA,"Baboon_503"
"1543","Baboon_1424",NA,"Baboon_1713"
"1544","Baboon_412",NA,NA
"1545","Baboon_1193",NA,"Baboon_534"
"1546","Baboon_40",NA,NA
"1547","Baboon_1464",NA,"Baboon_2010"
"1548","Baboon_1638",NA,"Baboon_499"
"1549","Baboon_1413",NA,"Baboon_2126"
"1550","Baboon_409",NA,NA
"1551","Baboon_2022",NA,"Baboon_2010"
"1552","Baboon_1503",NA,"Baboon_1594"
"1553","Baboon_376",NA,NA
"1554","Baboon_447",NA,NA
"1555","Baboon_1798",NA,"Baboon_1801"
"1556","Baboon_2137",NA,"Baboon_1007"
"1557","Baboon_1143",NA,"Baboon_1801"
"1558","Baboon_1605",NA,"Baboon_1026"
"1559","Baboon_241",NA,NA
"1560","Baboon_1049",NA,"Baboon_1710"
"1561","Baboon_213",NA,NA
"1562","Baboon_1566",NA,NA
"1563","Baboon_571",NA,NA
"1564","Baboon_1531",NA,"Baboon_431"
"1565","Baboon_1757",NA,"Baboon_1721"
"1566","Baboon_1716",NA,NA
"1567","Baboon_1181",NA,"Baboon_494"
"1568","Baboon_1322",NA,"Baboon_417"
"1569","Baboon_1889",NA,"Baboon_393"
"1570","Baboon_1622",NA,"Baboon_1636"
"1571","Baboon_1369",NA,"Baboon_407"
"1572","Baboon_1164",NA,"Baboon_2056"
"1573","Baboon_46",NA,NA
"1574","Baboon_1063",NA,"Baboon_1836"
"1575","Baboon_1803",NA,"Baboon_1848"
"1576","Baboon_1913",NA,"Baboon_507"
"1577","Baboon_132",NA,NA
"1578","Baboon_37",NA,NA
"1579","Baboon_1372",NA,"Baboon_2087"
"1580","Baboon_1031",NA,"Baboon_540"
"1581","Baboon_1076",NA,"Baboon_1836"
"1582","Baboon_1297",NA,NA
"1583","Baboon_1866",NA,"Baboon_1713"
"1584","Baboon_1796",NA,"Baboon_1258"
"1585","Baboon_429",NA,"Baboon_413"
"1586","Baboon_2118",NA,"Baboon_544"
"1587","Baboon_522",NA,"Baboon_544"
"1588","Baboon_1928",NA,"Baboon_476"
"1589","Baboon_1084",NA,"Baboon_499"
"1590","Baboon_1377",NA,"Baboon_550"
"1591","Baboon_41",NA,NA
"1592","Baboon_359",NA,NA
"1593","Baboon_112",NA,NA
"1594","Baboon_1848",NA,"Baboon_1440"
"1595","Baboon_2051",NA,"Baboon_1440"
"1596","Baboon_589",NA,NA
"1597","Baboon_1323",NA,NA
"1598","Baboon_1575",NA,"Baboon_1703"
"1599","Baboon_93",NA,NA
"1600","Baboon_1785",NA,"Baboon_514"
"1601","Baboon_1869",NA,"Baboon_1607"
"1602","Baboon_2069",NA,"Baboon_494"
"1603","Baboon_407",NA,"Baboon_1703"
"1604","Baboon_2042",NA,"Baboon_416"
"1605","Baboon_1151",NA,NA
"1606","Baboon_1968",NA,NA
"1607","Baboon_2035",NA,NA
"1608","Baboon_2050",NA,NA
"1609","Baboon_1292",NA,"Baboon_1597"
"1610","Baboon_1169",NA,NA
"1611","Baboon_2076",NA,"Baboon_570"
"1612","Baboon_1130",NA,"Baboon_2114"
"1613","Baboon_1578",NA,"Baboon_1051"
"1614","Baboon_1012",NA,"Baboon_495"
"1615","Baboon_492",NA,"Baboon_1585"
"1616","Baboon_1449",NA,"Baboon_1848"
"1617","Baboon_1892",NA,"Baboon_530"
"1618","Baboon_1624",NA,"Baboon_583"
"1619","Baboon_1087",NA,"Baboon_587"
"1620","Baboon_459",NA,NA
"1621","Baboon_1834",NA,"Baboon_1169"
"1622","Baboon_225",NA,NA
"1623","Baboon_2048",NA,"Baboon_534"
"1624","Baboon_1992",NA,"Baboon_542"
"1625","Baboon_1025",NA,"Baboon_1713"
"1626","Baboon_1248",NA,NA
"1627","Baboon_1117",NA,"Baboon_1713"
"1628","Baboon_175",NA,NA
"1629","Baboon_2015",NA,"Baboon_1682"
"1630","Baboon_1811",NA,NA
"1631","Baboon_452",NA,NA
"1632","Baboon_82",NA,NA
"1633","Baboon_1584",NA,"Baboon_2010"
"1634","Baboon_1914",NA,"Baboon_1224"
"1635","Baboon_1425",NA,"Baboon_555"
"1636","Baboon_537",NA,"Baboon_538"
"1637","Baboon_1003",NA,"Baboon_1546"
"1638","Baboon_1304",NA,"Baboon_1026"
"1639","Baboon_1343",NA,NA
"1640","Baboon_592",NA,NA
"1641","Baboon_1571",NA,"Baboon_502"
"1642","Baboon_1018",NA,"Baboon_1703"
"1643","Baboon_1721",NA,"Baboon_1710"
"1644","Baboon_22",NA,NA
"1645","Baboon_1710",NA,NA
"1646","Baboon_456",NA,NA
"1647","Baboon_153",NA,NA
"1648","Baboon_2007",NA,"Baboon_502"
"1649","Baboon_343",NA,NA
"1650","Baboon_325",NA,NA
"1651","Baboon_600",NA,NA
"1652","Baboon_1075",NA,"Baboon_510"
"1653","Baboon_208",NA,NA
"1654","Baboon_470",NA,NA
"1655","Baboon_1058",NA,"Baboon_539"
"1656","Baboon_455",NA,NA
"1657","Baboon_1395",NA,NA
"1658","Baboon_1649",NA,"Baboon_403"
"1659","Baboon_502",NA,"Baboon_1585"
"1660","Baboon_1237",NA,"Baboon_2089"
"1661","Baboon_1168",NA,"Baboon_540"
"1662","Baboon_469",NA,NA
"1663","Baboon_2103",NA,"Baboon_1546"
"1664","Baboon_10",NA,NA
"1665","Baboon_595",NA,NA
"1666","Baboon_1699",NA,"Baboon_481"
"1667","Baboon_1672",NA,"Baboon_567"
"1668","Baboon_1826",NA,"Baboon_481"
"1669","Baboon_1415",NA,"Baboon_505"
"1670","Baboon_2077",NA,"Baboon_2010"
"1671","Baboon_1996",NA,"Baboon_1224"
"1672","Baboon_1700",NA,NA
"1673","Baboon_8",NA,NA
"1674","Baboon_1553",NA,"Baboon_537"
"1675","Baboon_1463",NA,"Baboon_523"
"1676","Baboon_2012",NA,"Baboon_538"
"1677","Baboon_1201",NA,"Baboon_417"
"1678","Baboon_1915",NA,"Baboon_507"
"1679","Baboon_1853",NA,"Baboon_539"
"1680","Baboon_1316",NA,"Baboon_1741"
"1681","Baboon_1569",NA,"Baboon_1428"
"1682","Baboon_1609",NA,"Baboon_578"
"1683","Baboon_1013",NA,"Baboon_416"
"1684","Baboon_1950",NA,"Baboon_567"
"1685","Baboon_1563",NA,NA
"1686","Baboon_1273",NA,"Baboon_514"
"1687","Baboon_1093",NA,"Baboon_1721"
"1688","Baboon_389",NA,NA
"1689","Baboon_1489",NA,NA
"1690","Baboon_218",NA,NA
"1691","Baboon_1652",NA,"Baboon_1224"
"1692","Baboon_401",NA,NA
"1693","Baboon_1347",NA,"Baboon_530"
"1694","Baboon_526",NA,"Baboon_525"
"1695","Baboon_1791",NA,"Baboon_450"
"1696","Baboon_1408",NA,"Baboon_582"
"1697","Baboon_1911",NA,"Baboon_507"
"1698","Baboon_23",NA,NA
"1699","Baboon_1222",NA,"Baboon_507"
"1700","Baboon_1871",NA,"Baboon_519"
"1701","Baboon_1243",NA,"Baboon_518"
"1702","Baboon_2085",NA,"Baboon_495"
"1703","Baboon_2134",NA,"Baboon_1224"
"1704","Baboon_16",NA,NA
"1705","Baboon_20",NA,NA
"1706","Baboon_440",NA,NA
"1707","Baboon_158",NA,NA
"1708","Baboon_1487",NA,"Baboon_578"
"1709","Baboon_1396",NA,NA
"1710","Baboon_230",NA,NA
"1711","Baboon_594",NA,NA
"1712","Baboon_1459",NA,NA
"1713","Baboon_2014",NA,"Baboon_457"
"1714","Baboon_29",NA,NA
"1715","Baboon_581",NA,NA
"1716","Baboon_410",NA,NA
"1717","Baboon_17",NA,NA
"1718","Baboon_387",NA,NA
"1719","Baboon_60",NA,NA
"1720","Baboon_489",NA,NA
"1721","Baboon_1252",NA,"Baboon_514"
"1722","Baboon_232",NA,NA
"1723","Baboon_1202",NA,"Baboon_1483"
"1724","Baboon_1840",NA,"Baboon_507"
"1725","Baboon_220",NA,NA
"1726","Baboon_85",NA,NA
"1727","Baboon_2087",NA,NA
"1728","Baboon_466",NA,NA
"1729","Baboon_385",NA,NA
"1730","Baboon_164",NA,NA
"1731","Baboon_322",NA,NA
"1732","Baboon_19",NA,NA
"1733","Baboon_1676",NA,"Baboon_573"
"1734","Baboon_1139",NA,"Baboon_500"
"1735","Baboon_1358",NA,"Baboon_444"
"1736","Baboon_599",NA,NA
"1737","Baboon_597",NA,NA
